"","n_parameters","running_time","MSE","model_name","precision","recall","total_predicted","total_ground_truth","X3"
"1",0,0,2.0224138453409,"Always-zero",0,0,0,2254.53173406872,3
"2",0,0,1.93858907814292,"Always-mean",0.4338768634095,0.433876863409518,2254.53173406872,2254.53173406872,3
"3",0,0,2.0224138453409,"Always-median",1,0.415341070413301,0,2254.53173406872,3
