,MSE,Unnamed: 0,X3,model_name,n_parameters,precision,recall,running_time,total_ground_truth,total_predicted
0,0.0310750761210862,1,,WideResnetCount,368915,0.874389807811592,0.8662885831506559,0.7954515285183281,1090.0,1079.90114614611
0,1.7371334210548501,1,,Resnet34count,8174827,1.44593564334912,-1.45697834701008,5.5506071700187505,2250.0,-2267.1833949536103
0,5.3007581087492595,1,,Resnet18count,2787307,0.14175985370174599,0.7098156303266681,4.53173406871891,2250.0,11266.131605885901
0,0.23575876893430397,1,,NasnetAcount,858003,0.8752743809711621,0.746201496304323,8.52672881648928,2250.0,1918.20234110113
0,2.0224138453408997,1,3.0,Always-zero,0,0.0,0.0,0.0,2254.5317340687197,0.0
1,1.9385890781429198,2,3.0,Always-mean,0,0.4338768634095,0.4338768634095179,0.0,2254.5317340687197,2254.5317340687197
2,2.0224138453408997,3,3.0,Always-median,0,1.0,0.415341070413301,0.0,2254.5317340687197,0.0
