"","precision","recall","balanced_accuracy","model_name"
"crabeater",0.69242658423493,0.995555555555556,0.822344063574183,"model3"
"weddell",0.390804597701149,1,0.822344063574183,"model3"
"emperor",0.976152623211447,0.896350364963504,0.822344063574183,"model3"
"marching-emperor",0.427860696517413,0.716666666666667,0.822344063574183,"model3"
