"","precision","recall","balanced_accuracy","model_name"
"crabeater",0.942796610169492,0.988888888888889,0.853882712233713,"model1"
"weddell",0.688405797101449,0.931372549019608,0.853882712233713,"model1"
"emperor",0.953846153846154,0.905109489051095,0.853882712233713,"model1"
"marching-emperor",0.64,0.8,0.853882712233713,"model1"
