"","n_parameters","running_time","MSE","model_name","precision","recall","total_predicted","total_ground_truth","X3"
"1",0,0,26.2304358425234,"Always-zero",0,0,0,2242.18558853417,3
"2",0,0,12.2654463607725,"Always-mean",0.718347601538758,0.718347601538759,2242.18558853417,2242.18558853417,3
"3",0,0,12.8085799571817,"Always-median",0.798128229212135,0.677428589875834,1800,2242.18558853417,3
