"","precision","recall","label","balanced_accuracy","model_name","n_parameters","running_time"
"1",0.851576994434137,0.984978540772532,"crabeater",0.885885745781029,"Resnet18",11182155,4.95886165747262
"2",0.717391304347826,0.970588235294118,"weddell",0.885885745781029,"Resnet18",11182155,4.95886165747262
"3",0.993388429752066,0.853693181818182,"emperor",0.885885745781029,"Resnet18",11182155,4.95886165747262
"4",0.664556962025316,0.846774193548387,"marching-emperor",0.885885745781029,"Resnet18",11182155,4.95886165747262
