"","precision","recall","balanced_accuracy","model_name"
"crabeater",0.950643776824034,0.984444444444444,0.927704036678374,"model5"
"weddell",0.840336134453782,0.980392156862745,0.927704036678374,"model5"
"emperor",0.978292329956585,0.986861313868613,0.927704036678374,"model5"
"marching-emperor",0.695121951219512,0.95,0.927704036678374,"model5"
