"","n_parameters","running_time","MSE","model_name","precision","recall","total_predicted","total_ground_truth","X3"
"1",0,0,27.116631979082,"Always-zero",0,0,0,2186.16552513258,3
"2",0,0,12.1978550456761,"Always-mean",0.691994337475607,0.691994337475606,2186.16552513258,2186.16552513258,3
"3",0,0,12.9417324193727,"Always-median",0.791570320245307,0.640390372462488,1698,2186.16552513258,3
