"","precision","recall","balanced_accuracy","model_name"
"crabeater",0.66865671641791,0.995555555555556,0.730731811061579,"model4"
"weddell",0.221354166666667,0.833333333333333,0.730731811061579,"model4"
"emperor",0.380515759312321,0.969343065693431,0.730731811061579,"model4"
"marching-emperor",0.133064516129032,0.275,0.730731811061579,"model4"
