"","precision","recall","balanced_accuracy","model_name"
"crabeater",0.878151260504202,0.928888888888889,0.959540816901185,"model2"
"weddell",0.833333333333333,0.980392156862745,0.959540816901185,"model2"
"emperor",0.974248927038627,0.994160583941606,0.959540816901185,"model2"
"marching-emperor",0.541463414634146,0.925,0.959540816901185,"model2"
