"","precision","recall","balanced_accuracy","model_name"
"crabeater",0.719936708860759,0.980603448275862,0.889682551454046,"model7"
"weddell",0.327922077922078,0.990196078431373,0.889682551454046,"model7"
"emperor",0.967329545454545,0.967329545454545,0.889682551454046,"model7"
"marching-emperor",0.725352112676056,0.830645161290323,0.889682551454046,"model7"
