"","precision","recall","label","balanced_accuracy","model_name","n_parameters","running_time"
"1",0.878612716763006,0.978540772532189,"crabeater",0.792606112744241,"Resnet34",21290315,5.92763975718136
"2",0.406779661016949,0.941176470588235,"weddell",0.792606112744241,"Resnet34",21290315,5.92763975718136
"3",0.978473581213307,0.710227272727273,"emperor",0.792606112744241,"Resnet34",21290315,5.92763975718136
"4",0.631578947368421,0.580645161290323,"marching-emperor",0.792606112744241,"Resnet34",21290315,5.92763975718136
