"","precision","recall","balanced_accuracy","model_name"
"crabeater",0.731147540983607,0.991111111111111,0.885196075283314,"model8"
"weddell",0.237037037037037,0.941176470588235,0.885196075283314,"model8"
"emperor",0.937590711175617,0.943065693430657,0.885196075283314,"model8"
"marching-emperor",0.270655270655271,0.791666666666667,0.885196075283314,"model8"
