"","precision","recall","label","balanced_accuracy","model_name","n_parameters","running_time"
"1",0.972162740899358,0.974248927038627,"crabeater",0.830569560925696,"Resnet50",23530571,12.6338702928674
"2",0.49238578680203,0.950980392156863,"weddell",0.830569560925696,"Resnet50",23530571,12.6338702928674
"3",0.991596638655462,0.838068181818182,"emperor",0.830569560925696,"Resnet50",23530571,12.6338702928674
"4",0.558139534883721,0.580645161290323,"marching-emperor",0.830569560925696,"Resnet50",23530571,12.6338702928674
