"","precision","recall","label","balanced_accuracy","model_name","n_parameters","running_time"
"1",0.739967897271268,0.989270386266094,"crabeater",0.769883178638568,"Resnet18_training_set_vanilla_WCV",11182155,3.61131372410137
"2",0.291793313069909,0.941176470588235,"weddell",0.769883178638568,"Resnet18_training_set_vanilla_WCV",11182155,3.61131372410137
"3",0.992606284658041,0.762784090909091,"emperor",0.769883178638568,"Resnet18_training_set_vanilla_WCV",11182155,3.61131372410137
"4",0.6,0.120967741935484,"marching-emperor",0.769883178638568,"Resnet18_training_set_vanilla_WCV",11182155,3.61131372410137
