"","precision","recall","label","balanced_accuracy","model_name","n_parameters","running_time"
"1",0.946611909650924,0.989270386266094,"crabeater",0.877526532411588,"Densenet121",6965131,15.3454069058692
"2",0.419087136929461,0.990196078431373,"weddell",0.877526532411588,"Densenet121",6965131,15.3454069058692
"3",0.996621621621622,0.838068181818182,"emperor",0.877526532411588,"Densenet121",6965131,15.3454069058692
"4",0.839080459770115,0.588709677419355,"marching-emperor",0.877526532411588,"Densenet121",6965131,15.3454069058692
