,Unnamed: 0,precision,recall,label,balanced_accuracy,model_name,n_parameters,running_time
0,1,0.800350262697023,0.98068669527897,crabeater,0.7118423251533431,Resnet18,11182155,3.72237504493171
1,2,0.8214285714285708,0.450980392156863,weddell,0.7118423251533431,Resnet18,11182155,3.72237504493171
2,3,0.5391591096455071,0.9289772727272729,emperor,0.7118423251533431,Resnet18,11182155,3.72237504493171
3,4,0.38650306748466295,0.508064516129032,marching-emperor,0.7118423251533431,Resnet18,11182155,3.72237504493171
0,1,0.958333333333333,0.987124463519313,crabeater,0.900435635911328,NasnetA,12740771,38.5996225160099
1,2,0.831932773109244,0.970588235294118,weddell,0.900435635911328,NasnetA,12740771,38.5996225160099
2,3,0.9985272459499259,0.963068181818182,emperor,0.900435635911328,NasnetA,12740771,38.5996225160099
3,4,0.8760330578512401,0.854838709677419,marching-emperor,0.900435635911328,NasnetA,12740771,38.5996225160099
